comparador,dc,reduccion_mediana,reduccion_p05,reduccion_p95,prob_umbral_a,ocupacion_mediana,prob_umbral_b,no_show_base_mediana,no_show_medapp_mediana
C0,0.0,0.32111240020891996,0.0768019951266691,0.4845567624623602,0.2519,0.11721611721611724,0.2499,0.25186177584773173,0.17121105328711705
C0,0.1,0.3789375398350079,0.14748293624249423,0.53323206529346,0.4288,0.12090833601200046,0.2695,0.251288694034808,0.1564245810055866
C0,0.25,0.47403542563524015,0.27100083715234047,0.6127334729539209,0.7287,0.1278538812785388,0.3236,0.25184730184730186,0.13276664120508958
C0,0.4,0.5724046481577317,0.4004125525015814,0.698827821239806,0.9505,0.13711541329091903,0.3866,0.25289520271448307,0.10775295663600526
C0,"U(0; 0,40)",0.4416121908624621,0.18503571163023594,0.62524433006234,0.6188,0.12564994458011547,0.3037,0.2522095994821949,0.1412894375857339
C1,0.0,0.1043973581115224,-0.11213807804143307,0.2958940998145359,0.004,0.02715293539386754,0.0001,0.19240672012724502,0.1710843373493976
C1,0.1,0.13372903290746085,-0.09263285171299827,0.3334945360672198,0.0104,0.028006589785831926,0.0002,0.18267454278679018,0.15661103979460847
C1,0.25,0.19362258407952349,-0.04915680509551585,0.4018718041467964,0.0521,0.029668411867364686,0.0002,0.16601815823605706,0.1324599708879185
C1,0.4,0.2758792593875053,0.009731715505251702,0.4880417912974771,0.1832,0.03215926493108734,0.0005,0.14930773386309773,0.10650069156293222
C1,"U(0; 0,40)",0.17456801977527364,-0.06762083472628591,0.4028558657770448,0.0528,0.030025566738677734,0.0001,0.17099863201094392,0.1388101983002833
