comparador,dc,sin_ruido,reduccion_mediana,prob_umbral_a
C0,0.0,False,0.31937526707864256,0.2486
C0,0.0,True,0.3303179232325148,0.2447
C0,0.1,False,0.37800534527942525,0.4313
C0,0.1,True,0.38881132531727786,0.4644
C0,0.25,False,0.47250452045776437,0.7339
C0,0.25,True,0.47997666591379357,0.7587
C0,0.4,False,0.5695819342172264,0.9487
C0,0.4,True,0.5756348690676985,0.9748
C1,0.0,False,0.10475685496356751,0.0036
C1,0.0,True,0.10450756134486427,0.0
C1,0.1,False,0.13556730115824278,0.0107
C1,0.1,True,0.13499623652470855,0.0
C1,0.25,False,0.19722864103224041,0.0545
C1,0.25,True,0.19463234571173904,0.0026
C1,0.4,False,0.27316767387023955,0.1802
C1,0.4,True,0.2730062277568625,0.1081
